<?xml version="1.0" encoding="UTF-8"?>
<project-private xmlns="http://www.netbeans.org/ns/project-private/1">
    <editor-bookmarks xmlns="http://www.netbeans.org/ns/editor-bookmarks/2" lastBookmarkId="0"/>
    <open-files xmlns="http://www.netbeans.org/ns/projectui-open-files/2">
        <group>
            <file>file:/C:/Users/meanie38/Documents/PrintingSystem/src/printingsystem/QueryProcessor.java</file>
            <file>file:/C:/Users/meanie38/Documents/PrintingSystem/src/printingsystem/CusDetails.java</file>
            <file>file:/C:/Users/meanie38/Documents/PrintingSystem/src/printingsystem/receipt.java</file>
            <file>file:/C:/Users/meanie38/Documents/PrintingSystem/src/printingsystem/AdminLogs.java</file>
            <file>file:/C:/Users/meanie38/Documents/PrintingSystem/src/printingsystem/Login.java</file>
            <file>file:/C:/Users/meanie38/Documents/PrintingSystem/src/printingsystem/PrintLogs.java</file>
            <file>file:/C:/Users/meanie38/Documents/PrintingSystem/src/printingsystem/Cashier.java</file>
            <file>file:/C:/Users/meanie38/Documents/PrintingSystem/src/printingsystem/InventoryC.java</file>
            <file>file:/C:/Users/meanie38/Documents/PrintingSystem/src/printingsystem/Inventory.java</file>
            <file>file:/C:/Users/meanie38/Documents/PrintingSystem/src/printingsystem/PrintLogs2.java</file>
            <file>file:/C:/Users/meanie38/Documents/PrintingSystem/src/printingsystem/DBConnection.java</file>
            <file>file:/C:/Users/meanie38/Documents/PrintingSystem/src/printingsystem/Purchase.java</file>
            <file>file:/C:/Users/meanie38/Documents/PrintingSystem/src/printingsystem/SignUP.java</file>
            <file>file:/C:/Users/meanie38/Documents/PrintingSystem/src/printingsystem/Admin.java</file>
        </group>
    </open-files>
</project-private>
